Method,Name,Error,Occurrences
GET,/get_data/153,HTTPError('404 Client Error: NOT FOUND for url: /get_data/153'),14
GET,/get_data/300,HTTPError('404 Client Error: NOT FOUND for url: /get_data/300'),34
GET,/get_data/354,HTTPError('404 Client Error: NOT FOUND for url: /get_data/354'),9
GET,/get_data/365,HTTPError('404 Client Error: NOT FOUND for url: /get_data/365'),12
GET,/get_data/146,HTTPError('404 Client Error: NOT FOUND for url: /get_data/146'),19
GET,/get_data/237,HTTPError('404 Client Error: NOT FOUND for url: /get_data/237'),27
GET,/get_data/288,HTTPError('404 Client Error: NOT FOUND for url: /get_data/288'),29
GET,/get_data/309,HTTPError('404 Client Error: NOT FOUND for url: /get_data/309'),23
GET,/get_data/290,HTTPError('404 Client Error: NOT FOUND for url: /get_data/290'),24
GET,/get_data/253,HTTPError('404 Client Error: NOT FOUND for url: /get_data/253'),25
GET,/get_data/133,HTTPError('404 Client Error: NOT FOUND for url: /get_data/133'),13
GET,/get_data/163,HTTPError('404 Client Error: NOT FOUND for url: /get_data/163'),18
GET,/get_data/277,HTTPError('404 Client Error: NOT FOUND for url: /get_data/277'),31
GET,/get_data/97,HTTPError('404 Client Error: NOT FOUND for url: /get_data/97'),11
GET,/get_data/187,HTTPError('404 Client Error: NOT FOUND for url: /get_data/187'),16
GET,/get_data/348,HTTPError('404 Client Error: NOT FOUND for url: /get_data/348'),13
GET,/get_data/157,HTTPError('404 Client Error: NOT FOUND for url: /get_data/157'),18
GET,/get_data/200,HTTPError('404 Client Error: NOT FOUND for url: /get_data/200'),28
GET,/get_data/177,HTTPError('404 Client Error: NOT FOUND for url: /get_data/177'),21
GET,/get_data/58,HTTPError('404 Client Error: NOT FOUND for url: /get_data/58'),7
GET,/get_data/63,HTTPError('404 Client Error: NOT FOUND for url: /get_data/63'),4
GET,/get_data/207,HTTPError('404 Client Error: NOT FOUND for url: /get_data/207'),16
GET,/get_data/105,HTTPError('404 Client Error: NOT FOUND for url: /get_data/105'),10
GET,/get_data/110,HTTPError('404 Client Error: NOT FOUND for url: /get_data/110'),12
GET,/get_data/44,HTTPError('404 Client Error: NOT FOUND for url: /get_data/44'),1
GET,/get_data/242,HTTPError('404 Client Error: NOT FOUND for url: /get_data/242'),31
GET,/get_data/234,HTTPError('404 Client Error: NOT FOUND for url: /get_data/234'),23
GET,/get_data/335,HTTPError('404 Client Error: NOT FOUND for url: /get_data/335'),17
GET,/get_data/364,HTTPError('404 Client Error: NOT FOUND for url: /get_data/364'),9
GET,/get_data/317,HTTPError('404 Client Error: NOT FOUND for url: /get_data/317'),28
GET,/get_data/56,HTTPError('404 Client Error: NOT FOUND for url: /get_data/56'),1
GET,/get_data/352,HTTPError('404 Client Error: NOT FOUND for url: /get_data/352'),15
GET,/get_data/108,HTTPError('404 Client Error: NOT FOUND for url: /get_data/108'),10
GET,/get_data/199,HTTPError('404 Client Error: NOT FOUND for url: /get_data/199'),20
GET,/get_data/84,HTTPError('404 Client Error: NOT FOUND for url: /get_data/84'),5
GET,/get_data/68,HTTPError('404 Client Error: NOT FOUND for url: /get_data/68'),4
GET,/get_data/384,HTTPError('404 Client Error: NOT FOUND for url: /get_data/384'),4
GET,/get_data/83,HTTPError('404 Client Error: NOT FOUND for url: /get_data/83'),3
GET,/get_data/289,HTTPError('404 Client Error: NOT FOUND for url: /get_data/289'),32
GET,/get_data/375,HTTPError('404 Client Error: NOT FOUND for url: /get_data/375'),3
GET,/get_data/319,HTTPError('404 Client Error: NOT FOUND for url: /get_data/319'),30
GET,/get_data/47,HTTPError('404 Client Error: NOT FOUND for url: /get_data/47'),2
GET,/get_data/149,HTTPError('404 Client Error: NOT FOUND for url: /get_data/149'),26
GET,/get_data/346,HTTPError('404 Client Error: NOT FOUND for url: /get_data/346'),17
GET,/get_data/62,HTTPError('404 Client Error: NOT FOUND for url: /get_data/62'),5
GET,/get_data/340,HTTPError('404 Client Error: NOT FOUND for url: /get_data/340'),11
GET,/get_data/53,HTTPError('404 Client Error: NOT FOUND for url: /get_data/53'),1
GET,/get_data/287,HTTPError('404 Client Error: NOT FOUND for url: /get_data/287'),36
GET,/get_data/248,HTTPError('404 Client Error: NOT FOUND for url: /get_data/248'),37
GET,/get_data/144,HTTPError('404 Client Error: NOT FOUND for url: /get_data/144'),18
GET,/get_data/299,HTTPError('404 Client Error: NOT FOUND for url: /get_data/299'),22
GET,/get_data/210,HTTPError('404 Client Error: NOT FOUND for url: /get_data/210'),18
GET,/get_data/202,HTTPError('404 Client Error: NOT FOUND for url: /get_data/202'),13
GET,/get_data/367,HTTPError('404 Client Error: NOT FOUND for url: /get_data/367'),13
GET,/get_data/282,HTTPError('404 Client Error: NOT FOUND for url: /get_data/282'),41
GET,/get_data/219,HTTPError('404 Client Error: NOT FOUND for url: /get_data/219'),30
GET,/get_data/327,HTTPError('404 Client Error: NOT FOUND for url: /get_data/327'),25
GET,/get_data/273,HTTPError('404 Client Error: NOT FOUND for url: /get_data/273'),29
GET,/get_data/100,HTTPError('404 Client Error: NOT FOUND for url: /get_data/100'),15
GET,/get_data/131,HTTPError('404 Client Error: NOT FOUND for url: /get_data/131'),14
GET,/get_data/320,HTTPError('404 Client Error: NOT FOUND for url: /get_data/320'),23
GET,/get_data/245,HTTPError('404 Client Error: NOT FOUND for url: /get_data/245'),28
GET,/get_data/117,HTTPError('404 Client Error: NOT FOUND for url: /get_data/117'),13
GET,/get_data/406,HTTPError('404 Client Error: NOT FOUND for url: /get_data/406'),1
GET,/get_data/204,HTTPError('404 Client Error: NOT FOUND for url: /get_data/204'),15
GET,/get_data/48,HTTPError('404 Client Error: NOT FOUND for url: /get_data/48'),1
GET,/get_data/336,HTTPError('404 Client Error: NOT FOUND for url: /get_data/336'),12
GET,/get_data/156,HTTPError('404 Client Error: NOT FOUND for url: /get_data/156'),18
GET,/get_data/94,HTTPError('404 Client Error: NOT FOUND for url: /get_data/94'),6
GET,/get_data/329,HTTPError('404 Client Error: NOT FOUND for url: /get_data/329'),20
GET,/get_data/64,HTTPError('404 Client Error: NOT FOUND for url: /get_data/64'),6
GET,/get_data/69,HTTPError('404 Client Error: NOT FOUND for url: /get_data/69'),4
GET,/get_data/186,HTTPError('404 Client Error: NOT FOUND for url: /get_data/186'),14
GET,/get_data/172,HTTPError('404 Client Error: NOT FOUND for url: /get_data/172'),19
GET,/get_data/160,HTTPError('404 Client Error: NOT FOUND for url: /get_data/160'),9
GET,/get_data/244,HTTPError('404 Client Error: NOT FOUND for url: /get_data/244'),34
GET,/get_data/145,HTTPError('404 Client Error: NOT FOUND for url: /get_data/145'),8
GET,/get_data/400,HTTPError('404 Client Error: NOT FOUND for url: /get_data/400'),5
GET,/get_data/350,HTTPError('404 Client Error: NOT FOUND for url: /get_data/350'),20
GET,/get_data/280,HTTPError('404 Client Error: NOT FOUND for url: /get_data/280'),19
GET,/get_data/159,HTTPError('404 Client Error: NOT FOUND for url: /get_data/159'),22
GET,/get_data/119,HTTPError('404 Client Error: NOT FOUND for url: /get_data/119'),8
GET,/get_data/127,HTTPError('404 Client Error: NOT FOUND for url: /get_data/127'),7
GET,/get_data/179,HTTPError('404 Client Error: NOT FOUND for url: /get_data/179'),14
GET,/get_data/176,HTTPError('404 Client Error: NOT FOUND for url: /get_data/176'),13
GET,/get_data/188,HTTPError('404 Client Error: NOT FOUND for url: /get_data/188'),20
GET,/get_data/45,HTTPError('404 Client Error: NOT FOUND for url: /get_data/45'),1
GET,/get_data/333,HTTPError('404 Client Error: NOT FOUND for url: /get_data/333'),12
GET,/get_data/82,HTTPError('404 Client Error: NOT FOUND for url: /get_data/82'),6
GET,/get_data/169,HTTPError('404 Client Error: NOT FOUND for url: /get_data/169'),16
GET,/get_data/118,HTTPError('404 Client Error: NOT FOUND for url: /get_data/118'),8
GET,/get_data/281,HTTPError('404 Client Error: NOT FOUND for url: /get_data/281'),38
GET,/get_data/378,HTTPError('404 Client Error: NOT FOUND for url: /get_data/378'),9
GET,/get_data/240,HTTPError('404 Client Error: NOT FOUND for url: /get_data/240'),18
GET,/get_data/322,HTTPError('404 Client Error: NOT FOUND for url: /get_data/322'),17
GET,/get_data/76,HTTPError('404 Client Error: NOT FOUND for url: /get_data/76'),9
GET,/get_data/371,HTTPError('404 Client Error: NOT FOUND for url: /get_data/371'),7
GET,/get_data/343,HTTPError('404 Client Error: NOT FOUND for url: /get_data/343'),19
GET,/get_data/344,HTTPError('404 Client Error: NOT FOUND for url: /get_data/344'),14
GET,/get_data/390,HTTPError('404 Client Error: NOT FOUND for url: /get_data/390'),7
GET,/get_data/181,HTTPError('404 Client Error: NOT FOUND for url: /get_data/181'),22
GET,/get_data/304,HTTPError('404 Client Error: NOT FOUND for url: /get_data/304'),31
GET,/get_data/266,HTTPError('404 Client Error: NOT FOUND for url: /get_data/266'),30
GET,/get_data/356,HTTPError('404 Client Error: NOT FOUND for url: /get_data/356'),11
GET,/get_data/213,HTTPError('404 Client Error: NOT FOUND for url: /get_data/213'),27
GET,/get_data/136,HTTPError('404 Client Error: NOT FOUND for url: /get_data/136'),14
GET,/get_data/255,HTTPError('404 Client Error: NOT FOUND for url: /get_data/255'),31
GET,/get_data/387,HTTPError('404 Client Error: NOT FOUND for url: /get_data/387'),2
GET,/get_data/103,HTTPError('404 Client Error: NOT FOUND for url: /get_data/103'),10
GET,/get_data/74,HTTPError('404 Client Error: NOT FOUND for url: /get_data/74'),8
GET,/get_data/191,HTTPError('404 Client Error: NOT FOUND for url: /get_data/191'),29
GET,/get_data/271,HTTPError('404 Client Error: NOT FOUND for url: /get_data/271'),32
GET,/get_data/270,HTTPError('404 Client Error: NOT FOUND for url: /get_data/270'),36
GET,/get_data/243,HTTPError('404 Client Error: NOT FOUND for url: /get_data/243'),20
GET,/get_data/166,HTTPError('404 Client Error: NOT FOUND for url: /get_data/166'),15
GET,/get_data/51,HTTPError('404 Client Error: NOT FOUND for url: /get_data/51'),1
GET,/get_data/121,HTTPError('404 Client Error: NOT FOUND for url: /get_data/121'),10
GET,/get_data/95,HTTPError('404 Client Error: NOT FOUND for url: /get_data/95'),6
GET,/get_data/362,HTTPError('404 Client Error: NOT FOUND for url: /get_data/362'),16
GET,/get_data/355,HTTPError('404 Client Error: NOT FOUND for url: /get_data/355'),11
GET,/get_data/360,HTTPError('404 Client Error: NOT FOUND for url: /get_data/360'),13
GET,/get_data/59,HTTPError('404 Client Error: NOT FOUND for url: /get_data/59'),6
GET,/get_data/30,HTTPError('404 Client Error: NOT FOUND for url: /get_data/30'),1
GET,/get_data/115,HTTPError('404 Client Error: NOT FOUND for url: /get_data/115'),15
GET,/get_data/72,HTTPError('404 Client Error: NOT FOUND for url: /get_data/72'),2
GET,/get_data/388,HTTPError('404 Client Error: NOT FOUND for url: /get_data/388'),3
GET,/get_data/394,HTTPError('404 Client Error: NOT FOUND for url: /get_data/394'),2
GET,/get_data/315,HTTPError('404 Client Error: NOT FOUND for url: /get_data/315'),21
GET,/get_data/228,HTTPError('404 Client Error: NOT FOUND for url: /get_data/228'),25
GET,/get_data/218,HTTPError('404 Client Error: NOT FOUND for url: /get_data/218'),24
GET,/get_data/293,HTTPError('404 Client Error: NOT FOUND for url: /get_data/293'),20
GET,/get_data/182,HTTPError('404 Client Error: NOT FOUND for url: /get_data/182'),19
GET,/get_data/197,HTTPError('404 Client Error: NOT FOUND for url: /get_data/197'),22
GET,/get_data/298,HTTPError('404 Client Error: NOT FOUND for url: /get_data/298'),33
GET,/get_data/164,HTTPError('404 Client Error: NOT FOUND for url: /get_data/164'),13
GET,/get_data/89,HTTPError('404 Client Error: NOT FOUND for url: /get_data/89'),4
GET,/get_data/398,HTTPError('404 Client Error: NOT FOUND for url: /get_data/398'),1
GET,/get_data/198,HTTPError('404 Client Error: NOT FOUND for url: /get_data/198'),28
GET,/get_data/331,HTTPError('404 Client Error: NOT FOUND for url: /get_data/331'),14
GET,/get_data/135,HTTPError('404 Client Error: NOT FOUND for url: /get_data/135'),15
GET,/get_data/385,HTTPError('404 Client Error: NOT FOUND for url: /get_data/385'),3
GET,/get_data/224,HTTPError('404 Client Error: NOT FOUND for url: /get_data/224'),17
GET,/get_data/40,HTTPError('404 Client Error: NOT FOUND for url: /get_data/40'),1
GET,/get_data/189,HTTPError('404 Client Error: NOT FOUND for url: /get_data/189'),15
GET,/get_data/151,HTTPError('404 Client Error: NOT FOUND for url: /get_data/151'),13
GET,/get_data/49,HTTPError('404 Client Error: NOT FOUND for url: /get_data/49'),3
GET,/get_data/393,HTTPError('404 Client Error: NOT FOUND for url: /get_data/393'),3
GET,/get_data/250,HTTPError('404 Client Error: NOT FOUND for url: /get_data/250'),43
GET,/get_data/260,HTTPError('404 Client Error: NOT FOUND for url: /get_data/260'),46
GET,/get_data/275,HTTPError('404 Client Error: NOT FOUND for url: /get_data/275'),33
GET,/get_data/285,HTTPError('404 Client Error: NOT FOUND for url: /get_data/285'),29
GET,/get_data/92,HTTPError('404 Client Error: NOT FOUND for url: /get_data/92'),3
GET,/get_data/318,HTTPError('404 Client Error: NOT FOUND for url: /get_data/318'),32
GET,/get_data/227,HTTPError('404 Client Error: NOT FOUND for url: /get_data/227'),27
GET,/get_data/301,HTTPError('404 Client Error: NOT FOUND for url: /get_data/301'),24
GET,/get_data/184,HTTPError('404 Client Error: NOT FOUND for url: /get_data/184'),29
GET,/get_data/366,HTTPError('404 Client Error: NOT FOUND for url: /get_data/366'),12
GET,/get_data/139,HTTPError('404 Client Error: NOT FOUND for url: /get_data/139'),12
GET,/get_data/195,HTTPError('404 Client Error: NOT FOUND for url: /get_data/195'),17
GET,/get_data/85,HTTPError('404 Client Error: NOT FOUND for url: /get_data/85'),3
GET,/get_data/361,HTTPError('404 Client Error: NOT FOUND for url: /get_data/361'),9
GET,/get_data/165,HTTPError('404 Client Error: NOT FOUND for url: /get_data/165'),19
GET,/get_data/238,HTTPError('404 Client Error: NOT FOUND for url: /get_data/238'),34
GET,/get_data/249,HTTPError('404 Client Error: NOT FOUND for url: /get_data/249'),31
GET,/get_data/130,HTTPError('404 Client Error: NOT FOUND for url: /get_data/130'),12
GET,/get_data/93,HTTPError('404 Client Error: NOT FOUND for url: /get_data/93'),5
GET,/get_data/307,HTTPError('404 Client Error: NOT FOUND for url: /get_data/307'),27
GET,/get_data/334,HTTPError('404 Client Error: NOT FOUND for url: /get_data/334'),18
GET,/get_data/140,HTTPError('404 Client Error: NOT FOUND for url: /get_data/140'),13
GET,/get_data/239,HTTPError('404 Client Error: NOT FOUND for url: /get_data/239'),27
GET,/get_data/104,HTTPError('404 Client Error: NOT FOUND for url: /get_data/104'),9
GET,/get_data/50,HTTPError('404 Client Error: NOT FOUND for url: /get_data/50'),6
GET,/get_data/357,HTTPError('404 Client Error: NOT FOUND for url: /get_data/357'),15
GET,/get_data/137,HTTPError('404 Client Error: NOT FOUND for url: /get_data/137'),18
GET,/get_data/381,HTTPError('404 Client Error: NOT FOUND for url: /get_data/381'),4
GET,/get_data/79,HTTPError('404 Client Error: NOT FOUND for url: /get_data/79'),6
GET,/get_data/259,HTTPError('404 Client Error: NOT FOUND for url: /get_data/259'),31
GET,/get_data/128,HTTPError('404 Client Error: NOT FOUND for url: /get_data/128'),11
GET,/get_data/269,HTTPError('404 Client Error: NOT FOUND for url: /get_data/269'),26
GET,/get_data/55,HTTPError('404 Client Error: NOT FOUND for url: /get_data/55'),4
GET,/get_data/341,HTTPError('404 Client Error: NOT FOUND for url: /get_data/341'),19
GET,/get_data/230,HTTPError('404 Client Error: NOT FOUND for url: /get_data/230'),17
GET,/get_data/96,HTTPError('404 Client Error: NOT FOUND for url: /get_data/96'),8
GET,/get_data/313,HTTPError('404 Client Error: NOT FOUND for url: /get_data/313'),21
GET,/get_data/231,HTTPError('404 Client Error: NOT FOUND for url: /get_data/231'),18
GET,/get_data/201,HTTPError('404 Client Error: NOT FOUND for url: /get_data/201'),15
GET,/get_data/338,HTTPError('404 Client Error: NOT FOUND for url: /get_data/338'),23
GET,/get_data/229,HTTPError('404 Client Error: NOT FOUND for url: /get_data/229'),21
GET,/get_data/222,HTTPError('404 Client Error: NOT FOUND for url: /get_data/222'),25
GET,/get_data/102,HTTPError('404 Client Error: NOT FOUND for url: /get_data/102'),4
GET,/get_data/60,HTTPError('404 Client Error: NOT FOUND for url: /get_data/60'),6
GET,/get_data/295,HTTPError('404 Client Error: NOT FOUND for url: /get_data/295'),26
GET,/get_data/208,HTTPError('404 Client Error: NOT FOUND for url: /get_data/208'),32
GET,/get_data/88,HTTPError('404 Client Error: NOT FOUND for url: /get_data/88'),6
GET,/get_data/386,HTTPError('404 Client Error: NOT FOUND for url: /get_data/386'),9
GET,/get_data/112,HTTPError('404 Client Error: NOT FOUND for url: /get_data/112'),10
GET,/get_data/180,HTTPError('404 Client Error: NOT FOUND for url: /get_data/180'),22
GET,/get_data/395,HTTPError('404 Client Error: NOT FOUND for url: /get_data/395'),3
GET,/get_data/297,HTTPError('404 Client Error: NOT FOUND for url: /get_data/297'),32
GET,/get_data/193,HTTPError('404 Client Error: NOT FOUND for url: /get_data/193'),19
GET,/get_data/190,HTTPError('404 Client Error: NOT FOUND for url: /get_data/190'),23
GET,/get_data/345,HTTPError('404 Client Error: NOT FOUND for url: /get_data/345'),15
GET,/get_data/162,HTTPError('404 Client Error: NOT FOUND for url: /get_data/162'),18
GET,/get_data/323,HTTPError('404 Client Error: NOT FOUND for url: /get_data/323'),22
GET,/get_data/349,HTTPError('404 Client Error: NOT FOUND for url: /get_data/349'),11
GET,/get_data/302,HTTPError('404 Client Error: NOT FOUND for url: /get_data/302'),30
GET,/get_data/107,HTTPError('404 Client Error: NOT FOUND for url: /get_data/107'),12
GET,/get_data/98,HTTPError('404 Client Error: NOT FOUND for url: /get_data/98'),7
GET,/get_data/46,HTTPError('404 Client Error: NOT FOUND for url: /get_data/46'),1
GET,/get_data/116,HTTPError('404 Client Error: NOT FOUND for url: /get_data/116'),7
GET,/get_data/268,HTTPError('404 Client Error: NOT FOUND for url: /get_data/268'),22
GET,/get_data/291,HTTPError('404 Client Error: NOT FOUND for url: /get_data/291'),17
GET,/get_data/194,HTTPError('404 Client Error: NOT FOUND for url: /get_data/194'),21
GET,/get_data/252,HTTPError('404 Client Error: NOT FOUND for url: /get_data/252'),30
GET,/get_data/211,HTTPError('404 Client Error: NOT FOUND for url: /get_data/211'),19
GET,/get_data/111,HTTPError('404 Client Error: NOT FOUND for url: /get_data/111'),13
GET,/get_data/376,HTTPError('404 Client Error: NOT FOUND for url: /get_data/376'),11
GET,/get_data/126,HTTPError('404 Client Error: NOT FOUND for url: /get_data/126'),7
GET,/get_data/123,HTTPError('404 Client Error: NOT FOUND for url: /get_data/123'),13
GET,/get_data/326,HTTPError('404 Client Error: NOT FOUND for url: /get_data/326'),20
GET,/get_data/235,HTTPError('404 Client Error: NOT FOUND for url: /get_data/235'),30
GET,/get_data/325,HTTPError('404 Client Error: NOT FOUND for url: /get_data/325'),25
GET,/get_data/106,HTTPError('404 Client Error: NOT FOUND for url: /get_data/106'),17
GET,/get_data/397,HTTPError('404 Client Error: NOT FOUND for url: /get_data/397'),2
GET,/get_data/314,HTTPError('404 Client Error: NOT FOUND for url: /get_data/314'),22
GET,/get_data/170,HTTPError('404 Client Error: NOT FOUND for url: /get_data/170'),28
GET,/get_data/347,HTTPError('404 Client Error: NOT FOUND for url: /get_data/347'),14
GET,/get_data/337,HTTPError('404 Client Error: NOT FOUND for url: /get_data/337'),22
GET,/get_data/39,HTTPError('404 Client Error: NOT FOUND for url: /get_data/39'),1
GET,/get_data/81,HTTPError('404 Client Error: NOT FOUND for url: /get_data/81'),4
GET,/get_data/178,HTTPError('404 Client Error: NOT FOUND for url: /get_data/178'),24
GET,/get_data/132,HTTPError('404 Client Error: NOT FOUND for url: /get_data/132'),7
GET,/get_data/284,HTTPError('404 Client Error: NOT FOUND for url: /get_data/284'),40
GET,/get_data/77,HTTPError('404 Client Error: NOT FOUND for url: /get_data/77'),11
GET,/get_data/286,HTTPError('404 Client Error: NOT FOUND for url: /get_data/286'),23
GET,/get_data/396,HTTPError('404 Client Error: NOT FOUND for url: /get_data/396'),2
GET,/get_data/225,HTTPError('404 Client Error: NOT FOUND for url: /get_data/225'),19
GET,/get_data/221,HTTPError('404 Client Error: NOT FOUND for url: /get_data/221'),21
GET,/get_data/265,HTTPError('404 Client Error: NOT FOUND for url: /get_data/265'),27
GET,/get_data/90,HTTPError('404 Client Error: NOT FOUND for url: /get_data/90'),8
GET,/get_data/328,HTTPError('404 Client Error: NOT FOUND for url: /get_data/328'),30
GET,/get_data/124,HTTPError('404 Client Error: NOT FOUND for url: /get_data/124'),7
GET,/get_data/233,HTTPError('404 Client Error: NOT FOUND for url: /get_data/233'),27
GET,/get_data/168,HTTPError('404 Client Error: NOT FOUND for url: /get_data/168'),19
GET,/get_data/256,HTTPError('404 Client Error: NOT FOUND for url: /get_data/256'),28
GET,/get_data/138,HTTPError('404 Client Error: NOT FOUND for url: /get_data/138'),18
GET,/get_data/109,HTTPError('404 Client Error: NOT FOUND for url: /get_data/109'),7
GET,/get_data/183,HTTPError('404 Client Error: NOT FOUND for url: /get_data/183'),13
GET,/get_data/66,HTTPError('404 Client Error: NOT FOUND for url: /get_data/66'),4
GET,/get_data/113,HTTPError('404 Client Error: NOT FOUND for url: /get_data/113'),7
GET,/get_data/155,HTTPError('404 Client Error: NOT FOUND for url: /get_data/155'),14
GET,/get_data/175,HTTPError('404 Client Error: NOT FOUND for url: /get_data/175'),6
GET,/get_data/373,HTTPError('404 Client Error: NOT FOUND for url: /get_data/373'),4
GET,/get_data/150,HTTPError('404 Client Error: NOT FOUND for url: /get_data/150'),16
GET,/get_data/220,HTTPError('404 Client Error: NOT FOUND for url: /get_data/220'),21
GET,/get_data/389,HTTPError('404 Client Error: NOT FOUND for url: /get_data/389'),3
GET,/get_data/377,HTTPError('404 Client Error: NOT FOUND for url: /get_data/377'),3
GET,/get_data/321,HTTPError('404 Client Error: NOT FOUND for url: /get_data/321'),12
GET,/get_data/392,HTTPError('404 Client Error: NOT FOUND for url: /get_data/392'),4
GET,/get_data/134,HTTPError('404 Client Error: NOT FOUND for url: /get_data/134'),10
GET,/get_data/171,HTTPError('404 Client Error: NOT FOUND for url: /get_data/171'),18
GET,/get_data/258,HTTPError('404 Client Error: NOT FOUND for url: /get_data/258'),37
GET,/get_data/212,HTTPError('404 Client Error: NOT FOUND for url: /get_data/212'),20
GET,/get_data/380,HTTPError('404 Client Error: NOT FOUND for url: /get_data/380'),9
GET,/get_data/353,HTTPError('404 Client Error: NOT FOUND for url: /get_data/353'),11
GET,/get_data/142,HTTPError('404 Client Error: NOT FOUND for url: /get_data/142'),14
GET,/get_data/296,HTTPError('404 Client Error: NOT FOUND for url: /get_data/296'),45
GET,/get_data/161,HTTPError('404 Client Error: NOT FOUND for url: /get_data/161'),17
GET,/get_data/283,HTTPError('404 Client Error: NOT FOUND for url: /get_data/283'),31
GET,/get_data/217,HTTPError('404 Client Error: NOT FOUND for url: /get_data/217'),27
GET,/get_data/226,HTTPError('404 Client Error: NOT FOUND for url: /get_data/226'),24
GET,/get_data/263,HTTPError('404 Client Error: NOT FOUND for url: /get_data/263'),43
GET,/get_data/120,HTTPError('404 Client Error: NOT FOUND for url: /get_data/120'),14
GET,/get_data/369,HTTPError('404 Client Error: NOT FOUND for url: /get_data/369'),7
GET,/get_data/274,HTTPError('404 Client Error: NOT FOUND for url: /get_data/274'),32
GET,/get_data/99,HTTPError('404 Client Error: NOT FOUND for url: /get_data/99'),13
GET,/get_data/370,HTTPError('404 Client Error: NOT FOUND for url: /get_data/370'),12
GET,/get_data/312,HTTPError('404 Client Error: NOT FOUND for url: /get_data/312'),29
GET,/get_data/342,HTTPError('404 Client Error: NOT FOUND for url: /get_data/342'),19
GET,/get_data/294,HTTPError('404 Client Error: NOT FOUND for url: /get_data/294'),29
GET,/get_data/306,HTTPError('404 Client Error: NOT FOUND for url: /get_data/306'),30
GET,/get_data/148,HTTPError('404 Client Error: NOT FOUND for url: /get_data/148'),16
GET,/get_data/264,HTTPError('404 Client Error: NOT FOUND for url: /get_data/264'),41
GET,/get_data/272,HTTPError('404 Client Error: NOT FOUND for url: /get_data/272'),27
GET,/get_data/70,HTTPError('404 Client Error: NOT FOUND for url: /get_data/70'),5
GET,/get_data/311,HTTPError('404 Client Error: NOT FOUND for url: /get_data/311'),17
GET,/get_data/143,HTTPError('404 Client Error: NOT FOUND for url: /get_data/143'),12
GET,/get_data/141,HTTPError('404 Client Error: NOT FOUND for url: /get_data/141'),8
GET,/get_data/330,HTTPError('404 Client Error: NOT FOUND for url: /get_data/330'),19
GET,/get_data/232,HTTPError('404 Client Error: NOT FOUND for url: /get_data/232'),27
GET,/get_data/173,HTTPError('404 Client Error: NOT FOUND for url: /get_data/173'),15
GET,/get_data/216,HTTPError('404 Client Error: NOT FOUND for url: /get_data/216'),15
GET,/get_data/214,HTTPError('404 Client Error: NOT FOUND for url: /get_data/214'),21
GET,/get_data/379,HTTPError('404 Client Error: NOT FOUND for url: /get_data/379'),10
GET,/get_data/241,HTTPError('404 Client Error: NOT FOUND for url: /get_data/241'),33
GET,/get_data/174,HTTPError('404 Client Error: NOT FOUND for url: /get_data/174'),18
GET,/get_data/363,HTTPError('404 Client Error: NOT FOUND for url: /get_data/363'),11
GET,/get_data/391,HTTPError('404 Client Error: NOT FOUND for url: /get_data/391'),4
GET,/get_data/205,HTTPError('404 Client Error: NOT FOUND for url: /get_data/205'),19
GET,/get_data/324,HTTPError('404 Client Error: NOT FOUND for url: /get_data/324'),25
GET,/get_data/292,HTTPError('404 Client Error: NOT FOUND for url: /get_data/292'),21
GET,/get_data/147,HTTPError('404 Client Error: NOT FOUND for url: /get_data/147'),12
GET,/get_data/196,HTTPError('404 Client Error: NOT FOUND for url: /get_data/196'),23
GET,/get_data/209,HTTPError('404 Client Error: NOT FOUND for url: /get_data/209'),29
GET,/get_data/262,HTTPError('404 Client Error: NOT FOUND for url: /get_data/262'),34
GET,/get_data/125,HTTPError('404 Client Error: NOT FOUND for url: /get_data/125'),19
GET,/get_data/223,HTTPError('404 Client Error: NOT FOUND for url: /get_data/223'),26
GET,/get_data/215,HTTPError('404 Client Error: NOT FOUND for url: /get_data/215'),14
GET,/get_data/247,HTTPError('404 Client Error: NOT FOUND for url: /get_data/247'),29
GET,/get_data/358,HTTPError('404 Client Error: NOT FOUND for url: /get_data/358'),19
GET,/get_data/382,HTTPError('404 Client Error: NOT FOUND for url: /get_data/382'),7
GET,/get_data/351,HTTPError('404 Client Error: NOT FOUND for url: /get_data/351'),9
GET,/get_data/192,HTTPError('404 Client Error: NOT FOUND for url: /get_data/192'),12
GET,/get_data/206,HTTPError('404 Client Error: NOT FOUND for url: /get_data/206'),14
GET,/get_data/78,HTTPError('404 Client Error: NOT FOUND for url: /get_data/78'),4
GET,/get_data/310,HTTPError('404 Client Error: NOT FOUND for url: /get_data/310'),32
GET,/get_data/383,HTTPError('404 Client Error: NOT FOUND for url: /get_data/383'),3
GET,/get_data/278,HTTPError('404 Client Error: NOT FOUND for url: /get_data/278'),28
GET,/get_data/91,HTTPError('404 Client Error: NOT FOUND for url: /get_data/91'),5
GET,/get_data/67,HTTPError('404 Client Error: NOT FOUND for url: /get_data/67'),2
GET,/get_data/167,HTTPError('404 Client Error: NOT FOUND for url: /get_data/167'),12
GET,/get_data/257,HTTPError('404 Client Error: NOT FOUND for url: /get_data/257'),34
GET,/get_data/267,HTTPError('404 Client Error: NOT FOUND for url: /get_data/267'),40
GET,/get_data/254,HTTPError('404 Client Error: NOT FOUND for url: /get_data/254'),27
GET,/get_data/368,HTTPError('404 Client Error: NOT FOUND for url: /get_data/368'),10
GET,/get_data/203,HTTPError('404 Client Error: NOT FOUND for url: /get_data/203'),26
GET,/get_data/410,HTTPError('404 Client Error: NOT FOUND for url: /get_data/410'),1
GET,/get_data/372,HTTPError('404 Client Error: NOT FOUND for url: /get_data/372'),8
GET,/get_data/101,HTTPError('404 Client Error: NOT FOUND for url: /get_data/101'),9
GET,/get_data/305,HTTPError('404 Client Error: NOT FOUND for url: /get_data/305'),26
GET,/get_data/185,HTTPError('404 Client Error: NOT FOUND for url: /get_data/185'),16
GET,/get_data/154,HTTPError('404 Client Error: NOT FOUND for url: /get_data/154'),19
GET,/get_data/279,HTTPError('404 Client Error: NOT FOUND for url: /get_data/279'),38
GET,/get_data/65,HTTPError('404 Client Error: NOT FOUND for url: /get_data/65'),6
GET,/get_data/236,HTTPError('404 Client Error: NOT FOUND for url: /get_data/236'),18
GET,/get_data/276,HTTPError('404 Client Error: NOT FOUND for url: /get_data/276'),33
GET,/get_data/251,HTTPError('404 Client Error: NOT FOUND for url: /get_data/251'),19
GET,/get_data/303,HTTPError('404 Client Error: NOT FOUND for url: /get_data/303'),32
GET,/get_data/73,HTTPError('404 Client Error: NOT FOUND for url: /get_data/73'),2
GET,/get_data/114,HTTPError('404 Client Error: NOT FOUND for url: /get_data/114'),11
GET,/get_data/246,HTTPError('404 Client Error: NOT FOUND for url: /get_data/246'),30
GET,/get_data/75,HTTPError('404 Client Error: NOT FOUND for url: /get_data/75'),4
GET,/get_data/339,HTTPError('404 Client Error: NOT FOUND for url: /get_data/339'),20
GET,/get_data/374,HTTPError('404 Client Error: NOT FOUND for url: /get_data/374'),5
GET,/get_data/80,HTTPError('404 Client Error: NOT FOUND for url: /get_data/80'),9
GET,/get_data/87,HTTPError('404 Client Error: NOT FOUND for url: /get_data/87'),3
GET,/get_data/158,HTTPError('404 Client Error: NOT FOUND for url: /get_data/158'),18
GET,/get_data/122,HTTPError('404 Client Error: NOT FOUND for url: /get_data/122'),12
GET,/get_data/86,HTTPError('404 Client Error: NOT FOUND for url: /get_data/86'),6
GET,/get_data/261,HTTPError('404 Client Error: NOT FOUND for url: /get_data/261'),26
GET,/get_data/408,HTTPError('404 Client Error: NOT FOUND for url: /get_data/408'),1
GET,/get_data/332,HTTPError('404 Client Error: NOT FOUND for url: /get_data/332'),21
GET,/get_data/359,HTTPError('404 Client Error: NOT FOUND for url: /get_data/359'),16
GET,/get_data/71,HTTPError('404 Client Error: NOT FOUND for url: /get_data/71'),3
GET,/get_data/152,HTTPError('404 Client Error: NOT FOUND for url: /get_data/152'),13
GET,/get_data/308,HTTPError('404 Client Error: NOT FOUND for url: /get_data/308'),23
GET,/get_data/129,HTTPError('404 Client Error: NOT FOUND for url: /get_data/129'),9
GET,/get_data/399,HTTPError('404 Client Error: NOT FOUND for url: /get_data/399'),2
GET,/get_data/316,HTTPError('404 Client Error: NOT FOUND for url: /get_data/316'),32
